{"cameraMode":{"drawMode":2,"name":"Shaded Wireframe","section":"Shading Mode"},"sceneLighting":true,"audioPlay":false,"sceneViewState":{"showFog":true,"showMaterialUpdate":false,"showSkybox":true,"showFlares":true,"showImageEffects":true,"showParticleSystems":true},"in2DMode":false,"pivot":{"x":2.0402016639709474,"y":-0.46425661444664,"z":2.0437846183776857},"rotation":{"x":-0.4886106252670288,"y":0.19478990137577058,"z":-0.11292308568954468,"w":-0.842970609664917},"size":4.318696022033691,"orthographic":false}