{"cameraMode":{"drawMode":2,"name":"Shaded Wireframe","section":"Shading Mode"},"sceneLighting":true,"audioPlay":false,"sceneViewState":{"showFog":true,"showMaterialUpdate":false,"showSkybox":true,"showFlares":true,"showImageEffects":true,"showParticleSystems":true},"in2DMode":false,"pivot":{"x":202.715087890625,"y":-4.78338623046875,"z":457.27398681640627},"rotation":{"x":-0.11422162503004074,"y":0.5413258075714111,"z":-0.07452407479286194,"w":-0.8296788334846497},"size":659.4647827148438,"orthographic":false}