{"cameraMode":{"drawMode":2,"name":"Shaded Wireframe","section":"Shading Mode"},"sceneLighting":true,"audioPlay":false,"sceneViewState":{"showFog":true,"showMaterialUpdate":false,"showSkybox":true,"showFlares":true,"showImageEffects":true,"showParticleSystems":true},"in2DMode":false,"pivot":{"x":-1.003867745399475,"y":3.406686544418335,"z":-263.9142761230469},"rotation":{"x":0.2491656392812729,"y":-0.5317730903625488,"z":0.16729284822940827,"w":0.7919464707374573},"size":1.8247451782226563,"orthographic":false}