{"cameraMode":{"drawMode":2,"name":"Shaded Wireframe","section":"Shading Mode"},"sceneLighting":true,"audioPlay":false,"sceneViewState":{"showFog":true,"showMaterialUpdate":false,"showSkybox":true,"showFlares":true,"showImageEffects":true,"showParticleSystems":true},"in2DMode":false,"pivot":{"x":1.0156004428863526,"y":0.5104997158050537,"z":-0.7792930603027344},"rotation":{"x":-0.18289779126644135,"y":-0.09510146081447602,"z":0.01779094897210598,"w":-0.9783668518066406},"size":7.899998664855957,"orthographic":false}