{"cameraMode":{"drawMode":2,"name":"Shaded Wireframe","section":"Shading Mode"},"sceneLighting":false,"audioPlay":false,"sceneViewState":{"showFog":true,"showMaterialUpdate":false,"showSkybox":false,"showFlares":true,"showImageEffects":true,"showParticleSystems":true},"in2DMode":false,"pivot":{"x":-2.059999942779541,"y":3.2699999809265138,"z":-45.959999084472659},"rotation":{"x":-0.03330357372760773,"y":0.002095277886837721,"z":-0.000067768050939776,"w":-0.9994470477104187},"size":0.8660253882408142,"orthographic":false}