{"cameraMode":{"drawMode":2,"name":"Shaded Wireframe","section":"Shading Mode"},"sceneLighting":true,"audioPlay":false,"sceneViewState":{"showFog":true,"showMaterialUpdate":false,"showSkybox":true,"showFlares":true,"showImageEffects":true,"showParticleSystems":true},"in2DMode":false,"pivot":{"x":5.944085597991943,"y":8.404973983764649,"z":-27.440723419189454},"rotation":{"x":0.14973407983779908,"y":-0.013353700749576092,"z":0.002010694704949856,"w":0.988652765750885},"size":17.942001342773439,"orthographic":false}