{"cameraMode":{"drawMode":2,"name":"Shaded Wireframe","section":"Shading Mode"},"sceneLighting":false,"audioPlay":false,"sceneViewState":{"showFog":true,"showMaterialUpdate":false,"showSkybox":false,"showFlares":true,"showImageEffects":true,"showParticleSystems":true},"in2DMode":false,"pivot":{"x":-2.059999942779541,"y":3.2699999809265138,"z":-45.959999084472659},"rotation":{"x":0.047671373933553699,"y":0.006588747724890709,"z":0.0003165117232128978,"w":-0.9988450407981873},"size":0.8660253882408142,"orthographic":false}